person id,count
503306,36
723332,35
763874,33
482360,31
1235217,30
901196,29
4037192,28
7720776,26
934230,25
609155,25
5616877,24
255713,23
1273519,23
1224687,22
2850498,22
185905,21
1215971,21
1395032,20
836404,19
6217241,18
1456459,18
249949,18
132017,17
1279892,17
1145975,17
934183,17
2652057,17
1315911,16
5645149,16
3107196,16
389361,15
1650895,15
4980849,15
3071014,15
6332991,15
740152,15
4117120,15
436725,15
920994,14
1857862,14
3202963,14
1061339,14
2118814,14
2088488,14
1981771,14
3212652,14
4071938,14
1061851,14
2796816,13
3203021,13
5509428,13
1277001,13
544265,13
1767176,13
1646212,13
2828679,13
260013,13
778279,13
77071,13
1110563,13
1904969,12
2652954,12
6575559,12
1060786,12
1162333,12
1402956,12
1402957,12
634772,12
764647,12
3307335,12
5030830,12
3140627,12
1532615,12
3051182,11
4877252,11
3233613,11
5865286,11
2503787,11
4776361,11
990830,11
1264327,11
1832166,11
2672417,11
5614445,11
6884532,11
3248847,11
3483534,11
588619,11
2378322,10
1154677,10
405016,10
4760204,10
6207223,10
4167885,10
838814,10
2855135,10
1550800,10
1138622,10
724869,10
934685,10
2849816,10
7425230,10
10315,10
1115637,10
7112733,10
450182,10
1647592,10
6030504,10
3373473,10
5054111,9
3858613,9
6226808,9
1030341,9
3248337,9
3425353,9
2772456,9
7699294,9
7127922,9
1541544,9
1215647,9
5775535,9
4735545,9
2521148,9
1979504,9
1237264,9
6232191,9
6696214,8
7729241,8
613433,8
6459116,8
1979376,8
4671503,8
3910434,8
5966435,8
8115492,8
3897763,8
4087022,8
4800885,8
8106647,8
1144620,8
6829137,8
2056317,8
3047276,8
1857945,8
2078753,8
8115470,8
36410,8
4012560,8
2510840,8
1556725,8
4061950,8
1263282,8
2716909,8
3338236,8
3514905,7
4421062,7
4363592,7
6251941,7
6137178,7
2594717,7
4585459,7
5086495,7
6234519,7
6039379,7
4111277,7
766270,7
2306548,7
3982503,7
992179,7
3520434,7
6638498,7
1851492,7
7012856,7
4677215,7
2736971,7
2882707,7
5377469,7
1343117,7
2882522,7
7364221,7
4576020,7
1032158,7
1556806,7
6354197,6
7001041,6
6386751,6
5857643,6
1716329,6
1216049,6
4209604,6
2255223,6
1295987,6
4841100,6
587904,6
8612487,6
5611417,6
2382376,6
7077318,6
6333430,6
1140302,6
1601876,6
8115480,6
4706843,6
1134912,6
3949040,6
2976697,6
1061876,6
5826528,6
1647523,6
4393097,6
4772245,6
5824214,6
7554872,6
3819901,6
5271419,6
5819950,6
2929409,6
1344939,6
6782277,6
1013644,6
5891097,6
1013098,6
3927549,6
2594709,6
6119178,6
7782644,6
5266755,6
4714506,6
5222456,6
7965707,6
441820,6
4142547,6
6274947,6
7112728,5
2154773,5
6040880,5
6726531,5
1085139,5
5046013,5
3845039,5
2248282,5
5501799,5
6933036,5
5273881,5
7476785,5
2804032,5
4437435,5
8305733,5
6263014,5
2382462,5
5890686,5
5769095,5
2878542,5
3469166,5
5890929,5
2568027,5
1817151,5
5562534,5
723049,5
3131039,5
2640194,5
711650,5
2951020,5
609750,5
4420429,5
62943,5
6261708,5
8419508,5
8325369,5
6809130,5
6782313,5
2295946,5
2591244,5
8617015,5
8115500,5
2045453,5
7295868,5
4582080,5
4448663,5
3152483,5
3837017,5
2094336,5
1238367,5
1417974,5
1248927,5
4688927,5
2618799,5
3910839,5
3469168,5
1156034,5
4883216,5
5907047,5
6891607,5
3170975,5
6222542,5
7980490,5
6331972,5
6611487,5
3404696,5
6443068,5
918141,5
2849595,5
6954999,4
8404034,4
3078193,4
7009143,4
2554058,4
6712556,4
4124054,4
5949302,4
5936721,4
7017856,4
7308071,4
1653897,4
2481690,4
7849973,4
5328578,4
5584535,4
3462748,4
4421106,4
4555777,4
4774727,4
4894973,4
5015195,4
5545368,4
5970497,4
6060804,4
6717020,4
382271,4
5999754,4
7879490,4
5833423,4
4806981,4
5856443,4
1517860,4
3101059,4
8287416,4
2771202,4
5515522,4
3131019,4
6589463,4
6720444,4
4591400,4
7546164,4
4024010,4
7144025,4
6702308,4
6732520,4
7194042,4
8041105,4
6082062,4
2235156,4
7932588,4
7948957,4
3048768,4
8132618,4
6343911,4
7167041,4
8122892,4
1994982,4
5006140,4
1281329,4
5910683,4
1264009,4
5890953,4
4452663,4
3945841,4
5730081,4
5781545,4
6103561,4
1239279,4
5872398,4
4581816,4
6609152,4
6683353,4
5970789,4
3078565,4
3831248,4
5781722,4
5035584,4
7800621,4
3182095,4
1349722,4
5751311,4
1975114,4
3469189,4
3807511,4
2868164,4
5746332,4
7071728,4
2360012,4
6331435,4
2989791,4
5139662,4
1551935,4
5824461,4
7308889,4
3623574,4
6344486,4
5462361,4
5891996,4
2882712,4
2849848,4
6438865,4
4387803,4
2096393,4
3185947,3
6349624,3
6718394,3
3082855,3
5769318,3
2375194,3
5894175,3
8272313,3
4233838,3
7641271,3
7856150,3
1943554,3
7047762,3
5510462,3
996474,3
3027074,3
6090403,3
5195277,3
6379217,3
7757655,3
2828576,3
3886658,3
3632628,3
4871731,3
7127397,3
3826379,3
6062664,3
2900106,3
7769285,3
2849929,3
6595570,3
8690,3
7740125,3
4110492,3
4179774,3
7064579,3
7765780,3
1592156,3
7042895,3
7112727,3
2616050,3
4983351,3
6465011,3
6292175,3
6665054,3
7926425,3
6716684,3
3905248,3
5705130,3
989647,3
3887360,3
1387794,3
7064981,3
7859470,3
8861109,3
3977136,3
2629116,3
2243864,3
4636371,3
1539329,3
8272053,3
8498270,3
2891662,3
5896918,3
2824981,3
5744189,3
3913767,3
2980878,3
5345122,3
7069438,3
5153160,3
6574540,3
3396384,3
4623638,3
4693343,3
4710184,3
4777286,3
4796811,3
4813796,3
4898060,3
5584206,3
5798641,3
6246562,3
6692238,3
7451376,3
8370765,3
8519458,3
8803089,3
4845101,3
4754341,3
4616700,3
2864260,3
2881965,3
2266092,3
7599952,3
8653459,3
7488625,3
7754881,3
2986041,3
7043038,3
5491721,3
2850544,3
2096395,3
7364775,3
3829963,3
6364968,3
7777656,3
8305734,3
2882510,3
4881117,3
5500210,3
7109861,3
4753584,3
4387605,3
3208929,3
8272489,3
8529071,3
5136330,3
3012035,3
6610975,3
8375034,3
4884347,3
7118407,3
6907627,3
4846835,3
6934544,3
4176410,3
3248112,3
934260,3
3912587,3
4866692,3
5259533,3
4847732,3
6025339,3
5253643,3
6638523,3
6064552,3
6691693,3
1968847,3
1793826,3
2849830,3
7757382,3
6717803,3
5906960,3
6843420,3
5466611,3
3269109,3
2992207,3
4880650,3
6350028,3
6656696,3
6536731,3
3233603,3
2106388,3
8357168,3
6547302,3
3522809,3
2753571,3
5926978,3
6435991,3
1296017,3
4753900,3
4737840,3
3635270,3
8149620,3
7766343,3
4689764,3
7372793,3
6262795,3
315953,3
7180694,3
6996620,3
2503274,3
4652264,3
7908727,3
4898103,3
4783176,3
3623583,3
2605254,3
1248925,3
8635146,3
7034978,3
3169769,3
4351986,3
6000337,3
3202967,3
4334066,3
3166594,3
4974765,3
5381803,3
6319641,3
2552274,3
6918228,3
3279495,3
2243716,3
6891585,3
6054581,3
2850558,3
4841104,3
3342423,3
3173672,3
6340620,3
7186459,3
7116202,3
7306485,3
6482346,3
2166023,3
8160840,3
7523025,3
1219511,3
5978406,3
4128785,3
3509645,3
7455975,3
5552249,3
6257406,3
7820650,3
3341369,3
4692299,3
4704272,3
2849971,3
2814313,3
1322669,3
3176631,3
2396812,3
7274423,3
3054230,3
2671134,3
7293968,3
7282700,3
4684557,3
8272226,3
2601501,3
7561022,3
2154655,3
3590200,3
3891933,3
1733189,3
5892237,3
3589579,3
6279953,3
3436705,3
4787823,3
1278844,3
4702042,3
443021,3
5875698,3
5890756,3
3885078,3
6137037,3
6688198,3
5290493,3
4899068,3
6845974,3
7886318,3
7148041,3
2804039,3
6333503,3
3990126,3
8473227,3
6774497,3
7108682,3
7046734,3
7937451,3
1668855,3
3916931,3
4027526,3
5207607,3
5510528,3
8391695,2
5194343,2
5910573,2
7160777,2
6509334,2
4596963,2
7891199,2
7652106,2
4805005,2
4645855,2
5832097,2
6140737,2
4233357,2
2503508,2
8670781,2
6157803,2
1973465,2
8177409,2
8570984,2
4093323,2
7030753,2
3438331,2
7840534,2
5844103,2
3865010,2
3897907,2
7930991,2
5849120,2
7045551,2
5046706,2
8714673,2
5511243,2
4938416,2
4030071,2
8307689,2
4473214,2
4367774,2
7921637,2
5275945,2
4705491,2
6332208,2
7053267,2
4006920,2
8751267,2
3358339,2
7395210,2
9018525,2
7212355,2
7471796,2
3135762,2
3984643,2
8736585,2
5200059,2
3910055,2
7766357,2
6224353,2
7419923,2
6284877,2
5101832,2
5450755,2
3523457,2
7064327,2
4872648,2
7320866,2
8080666,2
4625607,2
8134293,2
2979470,2
7067157,2
8068878,2
3928773,2
6950591,2
6854679,2
8022102,2
3904116,2
7563092,2
3523464,2
8904712,2
4825590,2
6465757,2
5371051,2
8703803,2
4612651,2
4638395,2
4642278,2
4661206,2
4713237,2
4748861,2
4766680,2
4774732,2
4856543,2
4863104,2
4893202,2
4902728,2
4936426,2
4987228,2
5155180,2
5326947,2
5600259,2
5771427,2
5926081,2
5939386,2
6621897,2
6721320,2
7421268,2
8783080,2
4790290,2
4758317,2
4608605,2
6129618,2
4423574,2
9017619,2
3325501,2
8078554,2
4344708,2
5760462,2
7368488,2
9018077,2
6897288,2
6698153,2
7088313,2
4855586,2
8047801,2
1889769,2
3626958,2
4953461,2
7807067,2
7127501,2
5888442,2
7004604,2
8124299,2
6982950,2
5843654,2
5387083,2
2594609,2
3024788,2
6053815,2
7106871,2
7906833,2
7728882,2
429864,2
6345595,2
6443603,2
7038965,2
1607544,2
7575330,2
5580943,2
3295423,2
5613794,2
8418892,2
8632196,2
7183790,2
5764099,2
3208485,2
7697121,2
3205420,2
7018234,2
7108448,2
8752445,2
5861195,2
3197194,2
3351141,2
7731717,2
7745252,2
7734202,2
6314144,2
5325342,2
8767573,2
2541967,2
7696580,2
6897352,2
2585450,2
4983355,2
7204563,2
4707914,2
6739338,2
3149511,2
5938252,2
5614694,2
1877465,2
5828878,2
5982332,2
8494895,2
7601381,2
4454702,2
7110579,2
7693714,2
8053949,2
7397392,2
7305182,2
2552438,2
2594822,2
8199088,2
5800557,2
6996597,2
3166893,2
7498155,2
8527449,2
6459349,2
5942104,2
6687197,2
7067271,2
3978505,2
5068454,2
6129518,2
7139722,2
7683632,2
8562964,2
8107002,2
6718395,2
8657945,2
3053580,2
2964661,2
3877621,2
2118261,2
5506134,2
5440504,2
6854430,2
7961339,2
3356253,2
2891658,2
8041733,2
8512520,2
5921227,2
5851361,2
7999215,2
2661616,2
7488167,2
5046737,2
3809591,2
4170746,2
8262468,2
8098554,2
5585415,2
7301551,2
7694110,2
6293034,2
5328098,2
7028649,2
2882783,2
3499562,2
3583325,2
8635087,2
6699587,2
4884512,2
3642678,2
3323284,2
6661417,2
7390223,2
6719904,2
5051192,2
3548343,2
4327664,2
2552320,2
8275249,2
6716347,2
3331037,2
2871001,2
4980910,2
7730239,2
5755113,2
5431347,2
2992039,2
9019187,2
7107464,2
6897275,2
6988100,2
6193513,2
8581138,2
6059478,2
8528105,2
7123914,2
7285364,2
9020797,2
7613457,2
6741804,2
4616072,2
8700275,2
5972513,2
2635737,2
3121211,2
1717066,2
8494671,2
2566900,2
6801571,2
2567019,2
3090564,2
5084641,2
4104707,2
7017816,2
9013337,2
4079002,2
7590029,2
6537456,2
2002860,2
8603719,2
6555210,2
6117643,2
5757795,2
3239601,2
5790756,2
7106202,2
2624078,2
7122061,2
8365481,2
6900804,2
3624394,2
4666908,2
3394125,2
1511130,2
6518715,2
3986548,2
5733415,2
7599659,2
8789167,2
8585391,2
8123035,2
3888386,2
4555647,2
2878696,2
4970254,2
3952374,2
6896756,2
6478564,2
2503451,2
2598001,2
6930299,2
6019567,2
5082847,2
5984530,2
3864911,2
5793168,2
3248126,2
8939695,2
7320471,2
7594125,2
7401461,2
3311792,2
7479032,2
3078928,2
4172369,2
3062526,2
8150530,2
6926431,2
6474813,2
8842944,2
8512600,2
6652902,2
8495535,2
7078647,2
9017618,2
8471379,2
7343776,2
6173983,2
6035510,2
7367391,2
2503071,2
6408958,2
6236024,2
3433056,2
4438605,2
5538728,2
6744413,2
3239598,2
3153212,2
7745155,2
5066969,2
6996634,2
3189707,2
3498645,2
6202493,2
6435075,2
7339706,2
6569095,2
8157234,2
7933079,2
4425287,2
8290534,2
7019217,2
7097640,2
6186171,2
6056413,2
2706749,2
3132775,2
8397544,2
6230187,2
8122976,2
9023593,1
9022184,1
9013488,1
9019004,1
8908444,1
9023747,1
9019235,1
9020961,1
9019007,1
8974427,1
9022534,1
9013486,1
9017643,1
9013871,1
9020438,1
9014300,1
9022112,1
9018326,1
9014607,1
9019398,1
9014309,1
9014281,1
9016177,1
9014959,1
9024151,1
9015351,1
9013868,1
9024150,1
9016568,1
9020956,1
9020789,1
9013950,1
9020445,1
9020351,1
9015625,1
9020352,1
9022796,1
9016168,1
9019662,1
9022192,1
9021029,1
9024159,1
9022899,1
9022629,1
8836208,1
8902151,1
9023753,1
9020363,1
9020430,1
9022187,1
9022793,1
8970103,1
9022209,1
9024222,1
8985024,1
8985041,1
8985286,1
8987693,1
9020806,1
9020348,1
9015646,1
9018082,1
9015814,1
9023754,1
9024219,1
9015169,1
9021216,1
9017647,1
9015801,1
9014445,1
9017785,1
9013958,1
9013946,1
9016171,1
8985035,1
9017645,1
9019543,1
9023738,1
9014606,1
9021022,1
9013956,1
9021753,1
9021256,1
9020338,1
8987687,1
8836260,1
9022188,1
9021922,1
9017790,1
9017504,1
9020437,1
9021920,1
9024231,1
8836492,1
9020887,1
9014948,1
9022803,1
9020790,1
8971887,1
9021733,1
9014624,1
9024158,1
9020356,1
9015170,1
8836280,1
9020804,1
9020347,1
9023739,1
8988004,1
9023113,1
9023749,1
9021252,1
9014302,1
9016178,1
9019966,1
9022901,1
9020344,1
9020359,1
8988059,1
9023110,1
9017642,1
9020799,1
9016172,1
9015632,1
9015813,1
9020435,1
9015074,1
9023756,1
9015350,1
9022180,1
9022199,1
9018150,1
9017624,1
9014961,1
9020429,1
8836274,1
9021237,1
9022111,1
9022627,1
9022198,1
9023040,1
8902086,1
9018308,1
9015637,1
9016180,1
9019964,1
9019537,1
9015808,1
